Allan,allanframinopgang@myspace.com,77675832
Merissa,mropkes1@microsoft.com,47094324
Cille,cillefraskobutikken@prweb.com,21523704
Irina,iolenane3@army.mil,25208897
Cos,civoshin4@gmpg.org,65904393
Torsteing,torsteinudeninfo@ask.com,25347077
Floyd,freddoch6@ycombinator.com,72912837
Mejse,mejsejohansen@google.dk,83774991
Melanie,mellebaby8@mail.org,77794713
Kenneth,kthornber9@about.com,17594124
Megan,megalodon@themeg.dk,12345678
Daniel,Daniel@hotmail.com,29405999
Mikkel,Mikkel@hotmail.com,39485969
